name,family,confusion_counterpart,dominant_silhouette_cue,colours,source_dimensions,runtime_candidate_dimensions,grayscale_pass,28px_pass,56px_pass,notes,sha256
cup,Home,teapot,open rim + side handle,charcoal + teal/coral/gold/cream,512x512 RGBA,256x256 RGBA,PASS,PASS,PASS,distinct by silhouette; colour secondary,ce07c4113f5944b9b7c2b65b0514d3043887ead9b11330b21e4f19b2321fd3b8
teapot,Home,cup,spout + lid + opposite handle,charcoal + teal/coral/gold/cream,512x512 RGBA,256x256 RGBA,PASS,PASS,PASS,distinct by silhouette; colour secondary,203df497d4255bc13c115f5ef784f5c20e83e21db8217f98ed105c939ea1db23
leaf,Garden,feather,closed almond contour,charcoal + teal/coral/gold/cream,512x512 RGBA,256x256 RGBA,PASS,PASS,PASS,distinct by silhouette; colour secondary,d5674f92c7893fda9f94f596bbf51afce8972e45b43eae5ed870c99e5a252c7c
feather,Garden,leaf,asymmetric barbs + shaft,charcoal + teal/coral/gold/cream,512x512 RGBA,256x256 RGBA,PASS,PASS,PASS,distinct by silhouette; colour secondary,3d706278be02778073b1e4605fdc9cf3148731c30f268c239b86fe83df4ef577
star,Magic,snowflake,five solid broad points,charcoal + teal/coral/gold/cream,512x512 RGBA,256x256 RGBA,PASS,PASS,PASS,distinct by silhouette; colour secondary,e10b7edee6cbed95b92f2183773f2b361b55a1b3de3bbfc7b6627b6b27442cf3
snowflake,Magic,star,six branched arms,charcoal + teal/coral/gold/cream,512x512 RGBA,256x256 RGBA,PASS,PASS,PASS,distinct by silhouette; colour secondary,5f33be15a18acf49d91e001bfa020fadf945e88105d5fa004ea7f32c10278b79
camera,Travel,compass,rectangular body + offset lens,charcoal + teal/coral/gold/cream,512x512 RGBA,256x256 RGBA,PASS,PASS,PASS,distinct by silhouette; colour secondary,d00f2273f7959647250a941dfe4a3649cfcf40a634974605f49738984e69a5b0
compass,Travel,camera,circular case + directional needle,charcoal + teal/coral/gold/cream,512x512 RGBA,256x256 RGBA,PASS,PASS,PASS,distinct by silhouette; colour secondary,ea02c3fe274b00f14337edf228b07394ae3bfa47cbda9881d5be60555aea9873
shell,Sea,flower,fan/flared shell ribs,charcoal + teal/coral/gold/cream,512x512 RGBA,256x256 RGBA,PASS,PASS,PASS,distinct by silhouette; colour secondary,5906913f270ec7807ef108da9c721a6d170efbf94f94e9776d1c1133dd6cb6e9
flower,Garden,shell,five petals + stem,charcoal + teal/coral/gold/cream,512x512 RGBA,256x256 RGBA,PASS,PASS,PASS,distinct by silhouette; colour secondary,6a1e7d1a74a5afe7490652128d922b7a76355e60af6f76fb4ecfcfc509a01570
lantern,Magic,jam-jar,handle + framed cage,charcoal + teal/coral/gold/cream,512x512 RGBA,256x256 RGBA,PASS,PASS,PASS,distinct by silhouette; colour secondary,edab028cb64b0ea44bf2c0d0453f0e4ec4bb044cafeaca4ee17096ba87729695
jam-jar,Treats,lantern,squat body + flat lid + label,charcoal + teal/coral/gold/cream,512x512 RGBA,256x256 RGBA,PASS,PASS,PASS,distinct by silhouette; colour secondary,4e5dfb63c1855ab5cd9fe9b9852ef08c6e3dd9ce8e4ab8d1f25dbf3511709dc5
